{"learner":{"attributes":{"best_iteration":"14","best_ntree_limit":"15","scikit_learn":"{\"n_estimators\": 15, \"objective\": \"reg:squarederror\", \"max_depth\": 5, \"max_leaves\": null, \"max_bin\": null, \"grow_policy\": null, \"learning_rate\": 0.1, \"verbosity\": null, \"booster\": null, \"tree_method\": null, \"gamma\": null, \"min_child_weight\": null, \"max_delta_step\": null, \"subsample\": null, \"sampling_method\": null, \"colsample_bytree\": 0.3, \"colsample_bylevel\": null, \"colsample_bynode\": null, \"reg_alpha\": null, \"reg_lambda\": null, \"scale_pos_weight\": null, \"base_score\": null, \"missing\": NaN, \"num_parallel_tree\": null, \"random_state\": null, \"n_jobs\": null, \"monotone_constraints\": null, \"interaction_constraints\": null, \"importance_type\": null, \"gpu_id\": null, \"validate_parameters\": null, \"predictor\": null, \"enable_categorical\": false, \"feature_types\": null, \"max_cat_to_onehot\": null, \"max_cat_threshold\": null, \"eval_metric\": null, \"early_stopping_rounds\": null, \"callbacks\": null, \"kwargs\": {\"alpha\": 10}, \"evals_result_\": {\"validation_0\": {\"rmse\": [1.531200354947493, 1.5096256111825275, 1.4913087356792758, 1.4764066902421462, 1.462327945222005, 1.4491485128103068, 1.4404001720105184, 1.432224906775997, 1.4222368706751045, 1.4117331789301948, 1.4076909665982507, 1.395008652383084, 1.3917298921584018, 1.385717848254454, 1.3791591951836317]}, \"validation_1\": {\"rmse\": [1.457144578363103, 1.4398837230652186, 1.4248267903176353, 1.4125375461710692, 1.4040319046167775, 1.395870508725848, 1.3909940101639564, 1.3861283760941974, 1.3821898234837675, 1.380187969492049, 1.377324137545867, 1.3776239203651848, 1.3759697507242543, 1.3773183853275688, 1.3755343242549791]}}, \"_estimator_type\": \"regressor\"}"},"feature_names":["X","Y","month","day","FFMC","DMC","DC","ISI","temp","RH","wind","rain"],"feature_types":["int","int","int","int","float","float","float","float","float","int","float","int"],"gradient_booster":{"model":{"gbtree_model_param":{"num_parallel_tree":"1","num_trees":"15","size_leaf_vector":"0"},"tree_info":[0,0,0,0,0,0,0,0,0,0,0,0,0,0,0],"trees":[{"base_weights":[6.235119E-1,-0E0,6.301208E-1,-0E0,6.368079E-1,6.39625E-1,-0E0],"categories":[],"categories_nodes":[],"categories_segments":[],"categories_sizes":[],"default_left":[1,0,1,0,1,0,0],"id":0,"left_children":[1,-1,3,-1,5,-1,-1],"loss_changes":[2.0393982E0,0E0,2.0694733E0,0E0,3.971405E-1,0E0,0E0],"parents":[2147483647,0,0,2,2,4,4],"right_children":[2,-1,4,-1,6,-1,-1],"split_conditions":[4.4011335E0,-0E0,1.255E1,-0E0,4.576256E0,6.3962504E-2,-0E0],"split_indices":[4,0,6,0,4,0,0],"split_type":[0,0,0,0,0,0,0],"sum_hessian":[3.41E2,2E0,3.39E2,2E0,3.37E2,3.35E2,2E0],"tree_param":{"num_deleted":"0","num_feature":"12","num_nodes":"7","size_leaf_vector":"0"}},{"base_weights":[5.608586E-1,-0E0,6.0673535E-1,-0E0,5.306718E-2,-0E0,7.035053E-2],"categories":[],"categories_nodes":[],"categories_segments":[],"categories_sizes":[],"default_left":[1,1,0,0,1,0,0],"id":1,"left_children":[1,3,-1,-1,5,-1,-1],"loss_changes":[2.8580017E0,9.293214E-2,0E0,0E0,6.544217E-2,0E0,0E0],"parents":[2147483647,0,0,1,1,4,4],"right_children":[2,4,-1,-1,6,-1,-1],"split_conditions":[2E0,3.5E0,6.0673535E-2,-0E0,5E-1,-0E0,7.035053E-3],"split_indices":[10,0,0,0,2,0,0],"split_type":[0,0,0,0,0,0,0],"sum_hessian":[3.41E2,4.2E1,2.99E2,1E1,3.2E1,1E0,3.1E1],"tree_param":{"num_deleted":"0","num_feature":"12","num_nodes":"7","size_leaf_vector":"0"}},{"base_weights":[5.071759E-1,5.167288E-1,-0E0,-0E0,5.231229E-1,5.2637917E-1,-0E0],"categories":[],"categories_nodes":[],"categories_segments":[],"categories_sizes":[],"default_left":[1,1,0,0,1,0,0],"id":2,"left_children":[1,3,-1,-1,5,-1,-1],"loss_changes":[2.544159E0,1.706665E0,0E0,0E0,8.7461853E-1,0E0,0E0],"parents":[2147483647,0,0,1,1,4,4],"right_children":[2,4,-1,-1,6,-1,-1],"split_conditions":[3.1329167E0,9.9050075E-1,-0E0,-0E0,9.75E1,5.2637916E-2,-0E0],"split_indices":[7,7,0,0,9,0,0],"split_type":[0,0,0,0,0,0,0],"sum_hessian":[3.41E2,3.38E2,3E0,2E0,3.36E2,3.35E2,1E0],"tree_param":{"num_deleted":"0","num_feature":"12","num_nodes":"7","size_leaf_vector":"0"}},{"base_weights":[4.5561534E-1,4.6557218E-1,-0E0,4.6864808E-1,-0E0,-0E0,4.877528E-1],"categories":[],"categories_nodes":[],"categories_segments":[],"categories_sizes":[],"default_left":[1,1,0,1,0,0,0],"id":3,"left_children":[1,3,-1,5,-1,-1,-1],"loss_changes":[2.2698288E0,7.5162506E-1,0E0,2.1002197E-1,0E0,0E0,0E0],"parents":[2147483647,0,0,1,1,3,3],"right_children":[2,4,-1,6,-1,-1,-1],"split_conditions":[8.5E0,9.75E1,-0E0,2.5E0,-0E0,-0E0,4.877528E-2],"split_indices":[1,9,0,1,0,0,0],"split_type":[0,0,0,0,0,0,0],"sum_hessian":[3.41E2,3.37E2,4E0,3.36E2,1E0,2.5E1,3.11E2],"tree_param":{"num_deleted":"0","num_feature":"12","num_nodes":"7","size_leaf_vector":"0"}},{"base_weights":[4.1126126E-1,-0E0,4.4383144E-1,2.1995833E-2,-0E0,-0E0,4.8617515E-1,-0E0,1.08151406E-1,4.8885146E-1,-0E0,1.8222739E-1,-0E0,-0E0,2.5346744E-1],"categories":[],"categories_nodes":[],"categories_segments":[],"categories_sizes":[],"default_left":[1,1,1,1,0,0,1,0,1,0,0,1,0,0,0],"id":4,"left_children":[1,3,5,7,-1,-1,9,-1,11,-1,-1,13,-1,-1,-1],"loss_changes":[3.812271E0,8.7087E-3,3.580368E0,1.7843893E-1,0E0,0E0,4.8123932E-1,0E0,2.1133421E-1,0E0,0E0,3.0822134E-1,0E0,0E0,0E0],"parents":[2147483647,0,0,1,1,2,2,3,3,6,6,8,8,11,11],"right_children":[2,4,6,8,-1,-1,10,-1,12,-1,-1,14,-1,-1,-1],"split_conditions":[7.915E1,1.385E1,2E0,6.4E0,-0E0,-0E0,8.7E0,-0E0,5.71E1,4.8885148E-2,-0E0,1.185E1,-0E0,-0E0,2.5346745E-2],"split_indices":[6,8,10,8,0,0,10,0,6,0,0,6,0,0,0],"split_type":[0,0,0,0,0,0,0,0,0,0,0,0,0,0,0],"sum_hessian":[3.41E2,2.9E1,3.12E2,1.7E1,1.2E1,3.7E1,2.75E2,2E0,1.5E1,2.74E2,1E0,1.1E1,4E0,1E0,1E1],"tree_param":{"num_deleted":"0","num_feature":"12","num_nodes":"15","size_leaf_vector":"0"}},{"base_weights":[3.7135482E-1,1.0537351E-1,4.5847496E-1,2.557275E-1,-0E0,-0E0,4.7523144E-1,-0E0,2.9512653E-1,-4.7812737E-3,-0E0,4.931154E-1,-0E0,-2.5030153E-2,-0E0,4.981205E-1,-0E0],"categories":[],"categories_nodes":[],"categories_segments":[],"categories_sizes":[],"default_left":[1,1,1,1,1,0,1,0,0,1,0,1,0,0,0,0,0],"id":5,"left_children":[1,3,5,7,9,-1,11,-1,-1,13,-1,15,-1,-1,-1,-1,-1],"loss_changes":[2.23814E0,3.90052E0,2.4536285E0,1.4532466E0,8.001201E-4,0E0,2.4202232E0,0E0,0E0,2.0501172E-2,0E0,5.8529663E-1,0E0,0E0,0E0,0E0,0E0],"parents":[2147483647,0,0,1,1,2,2,3,3,4,4,6,6,9,9,11,11],"right_children":[2,4,6,8,10,-1,12,-1,-1,14,-1,16,-1,-1,-1,-1,-1],"split_conditions":[3.5E0,2.5E0,4.4295545E0,2.05E1,4.567957E0,-0E0,8.4E1,-0E0,2.9512653E-2,7.5E1,-0E0,4.576256E0,-0E0,-2.5030153E-3,-0E0,4.981205E-2,-0E0],"split_indices":[0,0,4,9,4,0,9,0,0,9,0,4,0,0,0,0,0],"split_type":[0,0,0,0,0,0,0,0,0,0,0,0,0,0,0,0,0],"sum_hessian":[3.41E2,1.13E2,2.28E2,7.8E1,3.5E1,5E0,2.23E2,3E0,7.5E1,3.4E1,1E0,2.17E2,6E0,3.3E1,1E0,2.15E2,2E0],"tree_param":{"num_deleted":"0","num_feature":"12","num_nodes":"17","size_leaf_vector":"0"}},{"base_weights":[3.3380964E-1,-0E0,3.7229508E-1],"categories":[],"categories_nodes":[],"categories_segments":[],"categories_sizes":[],"default_left":[1,0,0],"id":6,"left_children":[1,-1,-1],"loss_changes":[3.333809E0,0E0,0E0],"parents":[2147483647,0,0],"right_children":[2,-1,-1],"split_conditions":[3.56E1,-0E0,3.722951E-2],"split_indices":[5,0,0],"split_type":[0,0,0],"sum_hessian":[3.41E2,4.3E1,2.98E2],"tree_param":{"num_deleted":"0","num_feature":"12","num_nodes":"3","size_leaf_vector":"0"}},{"base_weights":[3.0136988E-1,1.1462319E-1,4.403974E-1,1.364454E-1,-0E0,4.4993874E-1,-0E0,-0E0,1.6659325E-1],"categories":[],"categories_nodes":[],"categories_segments":[],"categories_sizes":[],"default_left":[1,1,1,1,0,0,0,0,0],"id":7,"left_children":[1,3,5,7,-1,-1,-1,-1,-1],"loss_changes":[3.278635E0,4.911883E-1,5.9189606E-1,2.2302723E-1,0E0,0E0,0E0,0E0,0E0],"parents":[2147483647,0,0,1,1,2,2,3,3],"right_children":[2,4,6,8,-1,-1,-1,-1,-1],"split_conditions":[3.8E0,3.35E0,5E-1,2E0,-0E0,4.4993874E-2,-0E0,-0E0,1.6659325E-2],